{"mean":{"confidence_interval":{"confidence_level":0.95,"lower_bound":651164905.825,"upper_bound":751799735.8249999},"point_estimate":701391567.0,"standard_error":25687647.65322798},"median":{"confidence_interval":{"confidence_level":0.95,"lower_bound":609015000.0,"upper_bound":783955800.0},"point_estimate":703409850.0,"standard_error":46076670.28130438},"median_abs_dev":{"confidence_interval":{"confidence_level":0.95,"lower_bound":255599568.29220057,"upper_bound":381142279.3033719},"point_estimate":325311270.79457045,"standard_error":32295282.484389737},"slope":null,"std_dev":{"confidence_interval":{"confidence_level":0.95,"lower_bound":232528134.12087503,"upper_bound":278938090.18079907},"point_estimate":257797021.21970996,"standard_error":11832353.887106832}}