{"mean":{"confidence_interval":{"confidence_level":0.95,"lower_bound":54611491.75,"upper_bound":54862775.025},"point_estimate":54722314.0,"standard_error":64250.103131831595},"median":{"confidence_interval":{"confidence_level":0.95,"lower_bound":54469250.0,"upper_bound":54665500.0},"point_estimate":54602100.0,"standard_error":60936.8704716781},"median_abs_dev":{"confidence_interval":{"confidence_level":0.95,"lower_bound":212901.35622024536,"upper_bound":386069.03314590454},"point_estimate":281026.8250107765,"standard_error":50822.237187863},"slope":null,"std_dev":{"confidence_interval":{"confidence_level":0.95,"lower_bound":346429.09163100325,"upper_bound":947911.8942356815},"point_estimate":642630.2576792105,"standard_error":175009.4697844785}}