{"mean":{"confidence_interval":{"confidence_level":0.95,"lower_bound":68261246.975,"upper_bound":68421783.125},"point_estimate":68337758.0,"standard_error":41080.739663555796},"median":{"confidence_interval":{"confidence_level":0.95,"lower_bound":68215950.0,"upper_bound":68275950.0},"point_estimate":68247100.0,"standard_error":17896.599264120985},"median_abs_dev":{"confidence_interval":{"confidence_level":0.95,"lower_bound":145220.66742181778,"upper_bound":291479.1548252106},"point_estimate":233212.97585964203,"standard_error":39171.45584766164},"slope":null,"std_dev":{"confidence_interval":{"confidence_level":0.95,"lower_bound":308177.40958016616,"upper_bound":501127.22799844015},"point_estimate":412254.65288367873,"standard_error":49222.12111476161}}