{"mean":{"confidence_interval":{"confidence_level":0.95,"lower_bound":506970339.975,"upper_bound":561890698.75},"point_estimate":534519333.0,"standard_error":14025389.848113598},"median":{"confidence_interval":{"confidence_level":0.95,"lower_bound":491522350.0,"upper_bound":577183500.0},"point_estimate":537074750.0,"standard_error":23944431.316263784},"median_abs_dev":{"confidence_interval":{"confidence_level":0.95,"lower_bound":141281176.90175772,"upper_bound":210847584.6067071},"point_estimate":177682416.23550653,"standard_error":17566136.90853934},"slope":null,"std_dev":{"confidence_interval":{"confidence_level":0.95,"lower_bound":127479513.56577015,"upper_bound":152806158.8691335},"point_estimate":141174858.126213,"standard_error":6448572.124190509}}