{"mean":{"confidence_interval":{"confidence_level":0.95,"lower_bound":13243333.6375,"upper_bound":13572742.0625},"point_estimate":13399623.0,"standard_error":84018.71274384472},"median":{"confidence_interval":{"confidence_level":0.95,"lower_bound":13194387.5,"upper_bound":13443612.5},"point_estimate":13318925.0,"standard_error":60406.700147595904},"median_abs_dev":{"confidence_interval":{"confidence_level":0.95,"lower_bound":443556.8471252918,"upper_bound":792060.5034381151},"point_estimate":642558.8285923004,"standard_error":89621.6226406688},"slope":null,"std_dev":{"confidence_interval":{"confidence_level":0.95,"lower_bound":602456.9204981688,"upper_bound":1118585.3611872937},"point_estimate":842951.0026985584,"standard_error":142173.62437140738}}