{"mean":{"confidence_interval":{"confidence_level":0.95,"lower_bound":144729435.0,"upper_bound":160168116.5},"point_estimate":152428203.5,"standard_error":3932461.200144299},"median":{"confidence_interval":{"confidence_level":0.95,"lower_bound":140466250.0,"upper_bound":156788600.0},"point_estimate":148707675.0,"standard_error":3954738.838581487},"median_abs_dev":{"confidence_interval":{"confidence_level":0.95,"lower_bound":37752629.20975685,"upper_bound":59525944.16320324},"point_estimate":48665788.16100955,"standard_error":5662911.768742931},"slope":null,"std_dev":{"confidence_interval":{"confidence_level":0.95,"lower_bound":35665276.5224655,"upper_bound":43042752.434024096},"point_estimate":39659346.05981465,"standard_error":1874263.1073105433}}