{"mean":{"confidence_interval":{"confidence_level":0.95,"lower_bound":-0.09276539571717878,"upper_bound":0.040093412278629406},"point_estimate":-0.026386035064778768,"standard_error":0.03370440504921603},"median":{"confidence_interval":{"confidence_level":0.95,"lower_bound":-0.13816992132012312,"upper_bound":0.07846372222880964},"point_estimate":0.01215630916206023,"standard_error":0.060104200860764796}}