{"mean":{"confidence_interval":{"confidence_level":0.95,"lower_bound":54665263.325,"upper_bound":54866960.25},"point_estimate":54761962.0,"standard_error":51715.63690046393},"median":{"confidence_interval":{"confidence_level":0.95,"lower_bound":54549500.0,"upper_bound":54666000.0},"point_estimate":54614550.0,"standard_error":27995.22068346635},"median_abs_dev":{"confidence_interval":{"confidence_level":0.95,"lower_bound":177539.4935980441,"upper_bound":354563.7837052345},"point_estimate":255526.1054635048,"standard_error":45265.57044393289},"slope":null,"std_dev":{"confidence_interval":{"confidence_level":0.95,"lower_bound":400529.963228883,"upper_bound":621289.4574448088},"point_estimate":518877.7004616441,"standard_error":56112.49397634651}}