{"mean":{"confidence_interval":{"confidence_level":0.95,"lower_bound":6736719.746875,"upper_bound":6956023.6625},"point_estimate":6839001.5,"standard_error":55813.21014429271},"median":{"confidence_interval":{"confidence_level":0.95,"lower_bound":6656900.0,"upper_bound":6812431.25},"point_estimate":6707812.5,"standard_error":37874.77974986184},"median_abs_dev":{"confidence_interval":{"confidence_level":0.95,"lower_bound":267674.1589978337,"upper_bound":485690.4851272702},"point_estimate":330239.8778870702,"standard_error":60239.67987650654},"slope":null,"std_dev":{"confidence_interval":{"confidence_level":0.95,"lower_bound":370081.7033839748,"upper_bound":736349.1200870365},"point_estimate":563941.4672626571,"standard_error":93359.81316866206}}