{"mean":{"confidence_interval":{"confidence_level":0.95,"lower_bound":502848178.0,"upper_bound":579856626.9},"point_estimate":541284510.0,"standard_error":19658368.067517657},"median":{"confidence_interval":{"confidence_level":0.95,"lower_bound":479399300.0,"upper_bound":598624000.0},"point_estimate":544936450.0,"standard_error":31526604.187756613},"median_abs_dev":{"confidence_interval":{"confidence_level":0.95,"lower_bound":194294791.41432792,"upper_bound":311915307.302646},"point_estimate":276100738.33823204,"standard_error":30328071.534023453},"slope":null,"std_dev":{"confidence_interval":{"confidence_level":0.95,"lower_bound":178598720.15077895,"upper_bound":213463086.68221605},"point_estimate":197567210.34195155,"standard_error":8919609.607577914}}