{"mean":{"confidence_interval":{"confidence_level":0.95,"lower_bound":26899382.275,"upper_bound":27927169.0625},"point_estimate":27399396.5,"standard_error":262469.7030345431},"median":{"confidence_interval":{"confidence_level":0.95,"lower_bound":26080475.0,"upper_bound":28230050.0},"point_estimate":26991400.0,"standard_error":618846.971404612},"median_abs_dev":{"confidence_interval":{"confidence_level":0.95,"lower_bound":2242395.3951895237,"upper_bound":3275433.9918494225},"point_estimate":2929246.897995472,"standard_error":262828.37988933834},"slope":null,"std_dev":{"confidence_interval":{"confidence_level":0.95,"lower_bound":2152849.506608994,"upper_bound":3211158.6331979325},"point_estimate":2641993.745302002,"standard_error":281586.58438372414}}