{"mean":{"confidence_interval":{"confidence_level":0.95,"lower_bound":20169183.333333325,"upper_bound":20298062.666666664},"point_estimate":20232581.66666666,"standard_error":32925.21199753935},"median":{"confidence_interval":{"confidence_level":0.95,"lower_bound":20114633.333333336,"upper_bound":20265916.666666664},"point_estimate":20202250.0,"standard_error":42402.88707968728},"median_abs_dev":{"confidence_interval":{"confidence_level":0.95,"lower_bound":325875.47421455383,"upper_bound":477274.2592766897},"point_estimate":436922.21224308014,"standard_error":38892.07616037578},"slope":null,"std_dev":{"confidence_interval":{"confidence_level":0.95,"lower_bound":280670.12679373956,"upper_bound":376876.70401680714},"point_estimate":328947.9420562662,"standard_error":24745.14933360764}}