{"mean":{"confidence_interval":{"confidence_level":0.95,"lower_bound":19716395.533333324,"upper_bound":19795017.049999997},"point_estimate":19754057.666666664,"standard_error":20136.766523503582},"median":{"confidence_interval":{"confidence_level":0.95,"lower_bound":19656366.666666668,"upper_bound":19700500.0},"point_estimate":19680366.666666664,"standard_error":11656.435599594639},"median_abs_dev":{"confidence_interval":{"confidence_level":0.95,"lower_bound":61354.92891073319,"upper_bound":129134.45770740509},"point_estimate":94935.81831455322,"standard_error":17739.348584710606},"slope":null,"std_dev":{"confidence_interval":{"confidence_level":0.95,"lower_bound":156847.24455528628,"upper_bound":240763.8687957733},"point_estimate":202018.55382865525,"standard_error":21525.423978380175}}