{"mean":{"confidence_interval":{"confidence_level":0.95,"lower_bound":287517000.675,"upper_bound":319673990.75},"point_estimate":303603451.0,"standard_error":8202728.834424392},"median":{"confidence_interval":{"confidence_level":0.95,"lower_bound":276476100.0,"upper_bound":333832500.0},"point_estimate":307297700.0,"standard_error":14190456.99551737},"median_abs_dev":{"confidence_interval":{"confidence_level":0.95,"lower_bound":85895467.29505062,"upper_bound":130628054.86638823},"point_estimate":116994039.5629406,"standard_error":11435441.44851505},"slope":null,"std_dev":{"confidence_interval":{"confidence_level":0.95,"lower_bound":74851129.5963118,"upper_bound":88517173.44512114},"point_estimate":82326952.70788765,"standard_error":3489500.011042884}}