{"mean":{"confidence_interval":{"confidence_level":0.95,"lower_bound":-0.08049696898272513,"upper_bound":0.062006771975751294},"point_estimate":-0.009146349891178795,"standard_error":0.03605988901235388},"median":{"confidence_interval":{"confidence_level":0.95,"lower_bound":-0.13011880770905923,"upper_bound":0.12220892767872571},"point_estimate":-0.011735924729282643,"standard_error":0.06301533526632735}}