{"mean":{"confidence_interval":{"confidence_level":0.95,"lower_bound":19961747.099999998,"upper_bound":20335166.483333334},"point_estimate":20142062.333333336,"standard_error":95448.23506788469},"median":{"confidence_interval":{"confidence_level":0.95,"lower_bound":19882933.333333336,"upper_bound":20241133.333333332},"point_estimate":20064083.333333336,"standard_error":80677.73194494842},"median_abs_dev":{"confidence_interval":{"confidence_level":0.95,"lower_bound":565216.5299653988,"upper_bound":919483.7936759032},"point_estimate":760573.7864971161,"standard_error":88468.53122473895},"slope":null,"std_dev":{"confidence_interval":{"confidence_level":0.95,"lower_bound":720460.2711831463,"upper_bound":1187097.4862119441},"point_estimate":956673.6819819858,"standard_error":120398.12470056019}}